EIN,Name,DonorAdvisedFundsHeldCnt,DonorAdvisedFundsContriAmt,DonorAdvisedFundsGrantsAmt
746054628,WACO FOUNDATION,61,976305,1165595
340753533,GRAND RIVER ACADEMY,1,364918,
474844275,THE DONORS FUND,657,6161686,5052479
593652538,RAYMOND JAMES CHARITABLE ENDOWMENT FUND C/O RAYMOND JAMES TRUST NA TRUSTEE,3665,171971248,84398681
251159382,HOYT CENTER FOR THE ARTS,1,,
202351623,BARREN COUNTY EDUCATIONAL FOUNDATION INC,1,80414,0
521326014,COMMUNITY FOUNDATION OF THE EASTERN SHORE INC,127,1325907,1087525
203896774,ROBERT AND PATRICIA ENDRIES FAMILY FOUNDATION LTD,1,,8500
710582373,SOUTH ARKANSAS COMMUNITY COLLEGE FOUNDATION INC,,,
416029402,THE MINNEAPOLIS FOUNDATION,821,89488164,48722649
237368880,DCCCA INC,6,258684,281899
481022361,WICHITA COMMUNITY FOUNDATION,103,6130095,2635023
391399196,ST NORBERT COLLEGE INC,0,0,0
431466115,MISSOURI BAPTIST FOUNDATION,24,27147,45867
223089640,COMMUNITY FOUNDATION OF WESTERN MASSACHUSETTS,225,5173868,5042807
592290298,FRSA EDUCATIONAL RESEARCH FOUNDATION,1,,8000
481238797,MCPHERSON COUNTY COMMUNITY FOUNDATION,60,1120941,613621
200834966,COMMUNITY FOUNDATION OF CRAWFORD COUNTY INC,10,24245,1559
750964565,COMMUNITIES FOUNDATION OF TEXAS INC,679,48333000,49995000
941167405,JEWISH FEDERATION OF SILICON VALLEY,5,142966,810627
237107693,GREENSBORO JEWISH FEDERATION,99,3021799,4269985
521782373,MID SHORE COMMUNITY FOUNDATION INC,78,1486824,1359355
931167214,DALLAS COMMUNITY FOUNDATION C/O ROBERT BRANNIGAN,12,56765,14925
237094836,BETHEL UNIVERSITY FOUNDATION,1,427960,409500
236396949,JEWISH FEDERATION OF THE LEHIGH VALLEY,93,255050,170232
392005163,ARCHDIOCESE OF MILWAUKEE CATHOLIC COMMUNITY FOUNDATION INC,18,1347243,192720
232703118,NETWORKS FOR TRAINING AND DEVELOPMENT,2,6985,11602
160743942,CANISIUS COLLEGE,1,0,0
860327449,MARICOPA COUNTY COMMUNITY COLLEGE DISTRICT FOUNDATION,,,
800966081,ANDREW'S GIFT,5,92593,94735
410011094,Mankato Area Foundation,31,1362900,698661
510235174,LEADERSHIP INSTITUTE,3,20988,41550
362171714,InterVarsity Christian FellowshipUSA,1,37905,37000
841190575,BIBLICA MINISTRIES FOUNDATION,0,0,987
416042488,University of Minnesota Foundation,1,0,16648
814476503,VENN FOUNDATION,23,686293,95000
560693436,ARTS & SCIENCE COUNCIL CHARLOTTE/MECKLENBURG INC,3,0,0
205602442,The Stronghold Fund,,,
910575950,JEWISH FEDERATION OF GREATER SEATTLE,63,1500051,1791012
300468693,STOREHOUSE MISSION SUPPORT INC,0,0,65619
570352247,Columbia International University,4,39986,365268
522028612,WASHINGTON AREA WOMEN'S FOUNDATION,4,48800,106039
521086825,ARTS AND HUMANITIES COUNCIL OF MONTGOMERY COUNTY,7,45144,49423
46192704,MIT HILLEL FOUNDATION INC,,,
943007979,MARIN COMMUNITY FOUNDATION,376,78502401,40107723
300234776,THE PUBLIC LIBRARY OF CINCINNATI AND HAMILTON COUNTY FOUNDATION INC,,,
261720415,MAINE CREDIT UNION'S CAMPAIGN FOR ENDING HUNGER,57,626451,617082
237310660,HUMBOLDT AREA FOUNDATION,192,1738769,1030902
251017602,JEWISH FEDERATION OF GREATER PITTSBURGH,347,5745396,6081139
43342411,WOMEN'S FUND OF WESTERN MASSACHUSETTS INC,1,0,897
430654876,WILLIAM WOODS UNIVERSITY,1,,11520
650788118,TORAH ACADEMY OF BOCA RATON INC,,,
60970466,NEW CANAAN COMMUNITY FOUNDATION INC,38,514550,304875
391815578,FORWARD COMMUNITY INVESTMENTS INC,8,0,2000
521297129,HELICOPTER FOUNDATION INTERNATIONAL INC,1,,
742230572,CONVERSE COUNTY LIBRARY FOUNDATION,,,
931040496,BENTON HABITAT FOR HUMANITY,1,0,0
542101090,DAYTON FOUNDATION PLUS INC,,,
382468643,JACKSON COMMUNITY COLLEGE FOUNDATION,2,,34500
50259003,JEWISH FEDERATION FOUNDATION OF GREATER RHODE ISLAND,97,673751,1774351
237072762,MERCY FOUNDATION,5,250615,676255
330378778,ORANGE COUNTY COMMUNITY FOUNDATION,353,84937654,71333707
463794874,CAMP DUDLEY FOUNDATION INC,,,
521734695,KENNEDY KRIEGER FOUNDATION INC,1,0,0
271462229,INVERSANT INC,0,86276,
20714460,EDEN BRIDGE FOUNDATION,69,6657555,3066976
460942102,DONATEWELL,83,34994344,34960832
581671241,WEST TN HEALTHCARE FOUNDATION INC,31,2447304,2495564
132992977,THE ASTRAEA FOUNDATION INC,10,423541,370020
221714130,JEWISH COMMUNITY FOUNDATION OF GREATER METROWEST NJ,293,73691157,12500320
813137336,NORTHERN ARIZONA HEALTHCARE FOUNDATION,5,1221000,640666
911714854,EVERGREEN SCHOOL DISTRICT FOUNDATION 114,2,130424,
581542599,THE GERMAN SCHOOL OF ATLANTA INC,,,
381374230,HILLSDALE COLLEGE,6,10000,148211
390827885,COMMUNITY FOUNDATION OF CENTRAL WISCONSIN INC,216,987304,372556
43280353,COMMUNITY FOUNDATION OF SOUTHEASTERN MASSACHUSETTS INC,55,1171069,2153779
562170220,COMMUNITY FOUNDATION OF BURKE COUNTY,18,292264,227927
746054978,SEGUIN CONSERVATION SOCIETY,,,
951644037,PEPPERDINE UNIVERSITY,6,100000,540790
463980783,HOWE FAMILY FOUNDATION,1,610000,486613
521314847,ADVENTIST DEVELOPMENT & RELIEF AGENCY INTERNATIONAL,,,
231352614,JACK M BARRACK HEBREW ACADEMY,1,,
464242715,Clark County Community Foundation Inc,1,0,0
237011281,MARSHALL COMMUNITY FOUNDATION,11,46600,132100
942860375,NEVADA WOMEN'S FUND,42,259294,105232
311125328,BECKLEY AREA FOUNDATION INC,41,23185,77799
481222277,COUNCIL GROVE AREA FOUNDATION,3,2237,39462
231500085,JEWISH FEDERATION OF GREATER PHILADELPHIA,252,7635568,8814126
821388190,Horizon Community Funds of Northern Kentucky,17,12308982,2370066
911648730,SAN JUAN ISLAND COMMUNITY FOUNDATION,23,1826206,237305
383941057,CATHOLIC COMMUNITY FOUNDATION OF LOS ANGELES,77,65856606,52403335
571091138,AFRICAN AMERICAN CREDIT UNION COALITION,,,
475463138,COASTAL BEND DISASTER RECOVERY GROUP,5,0,340
42127023,JEWISH FEDERATION OF WESTERN MASSACHUSETTS INC,77,837966,1580799
593371653,COMMUNITY FOUNDATION OF NORTHWEST FLORIDA INC,8,12276,362038
610514703,KOSAIR CHARITIES COMMITTEE INC,1,46103,99520
363819818,Highland Park Community Foundation,,,
232982141,CENTRAL SUSQUEHANNA COMMUNITY FOUNDATION,35,138524,145070
650181758,GREATER BOCA RATON CHAMBER OF COMMERCE EDUCATION FOUNDATION INC,2,,
203654399,Lake County Community Foundation,15,354468,280500
760821144,The Community Foundation of Will County,38,193899,141640
621818929,BELLEVUE FOUNDATION INC,38,405589,539996
660550404,RYDER VILLAGE II INC,0,0,0
410832480,MINNESOTA COMMUNITY FOUNDATION,258,19395212,17654676
416031510,THE SAINT PAUL FOUNDATION,490,25069793,35564700
473487091,GREATER WHITE BEAR LAKE COMMUNITY FOUNDATION,10,40000,115750
815265328,DIVISION OF INDIAN WORK,6,719274,330786
383032185,PETOSKEY-HARBOR SPRINGS AREA COMMUNITY FOUNDATION,79,1890460,2048700
382418086,BAY AREA COMMUNITY FOUNDATION,24,202338,119354
263305761,DESERT BOTANICAL GARDEN FOUNDATION,,,
421427739,MONROE COUNTY IOWA COMMUNITY FOUNDATION,2,59140,41500
840829226,ASPEN COMMUNITY FOUNDATION,121,5019913,6245289
911325007,THE PRIDE FOUNDATION,50,374911,422225
742225369,THE COMMUNITY FOUNDATION OF THE TEXAS HILL COUNTRY INC,51,600840,636209
510177031,FOUNDATION FOR INFORMATION TECHNOLOGY EDUCATION,4,0,6240
356028362,THE PORTLAND FOUNDATION,3,0,34211
953402489,NORTH AMERICAN VERSATILE HUNTING DOG ASSOCIATION,2,250,1010
364150724,OAK PARK-RIVER FOREST COMMUNITY FOUNDATION,46,1094915,1310702
911754933,WASHINGTON WOMEN'S FOUNDATION,154,421000,306250
10782573,Advisors Charitable Gift Fund,332,5954585,7422063
990170479,HAWAII AUTOMOBILE DEALER'S ASSOCIATION,,,
452403156,JEWISH FOUNDATION OF GREATER NEW HAVEN INC,233,954339,998389
275098203,COMMUNITY FOUNDATION FOR OCALA MARION COUNTY INC,16,324315,0
311062282,NEWARK CAMPUS DEVELOPMENT FUND,,,
770312582,COMMUNITY FOUNDATION FOR SAN BENITO COUNTY,98,7273502,-1870596
760082098,MONTGOMERY COUNTY COMMUNITY FOUNDATION,10,75564,30600
391967443,WISCONSIN BUILDERS FOUNDATION INC,9,19541,
382776652,CAPITAL REGION COMMUNITY FOUNDATION,68,798872,417980
386114135,COMMUNITY FOUNDATION FOR MUSKEGON COUNTY,295,2834188,2080603
411677288,LAKE REGION HEALTHCARE FOUNDATION,26,205752,57663
410870082,CEDAR VALLEY SERVICES INC,,60775,
161587553,COMMUNITY FOUNDATION OF TOMPKINS COUNTY INC,48,1359213,1308348
363717013,BRETHREN FOUNDATION INC,10,247498,-84575
222721171,GREENWICH EMERGENCY MEDICAL SERVICE INC,5,12000,10000
316018703,THE TROY FOUNDATION,40,3042608,2892744
455092280,PRAIRIE RIDGE FOUNDATION INC,1,76621,75621
465431878,GREATER TITUSVILLE DEVELOPMENT FOUNDATIO,1,,
383333202,KALAMAZOO COMMUNITY FOUNDATION,193,3656992,3827518
351573468,MSD OF LAWRENCE TOWNSHIP FOUNDATION,2,,4500
352048001,RIPLEY COUNTY COMMUNITY FOUNDATION INC,10,6181,24200
311662183,BUILDERS EXCHANGE FOUNDATION,1,,1
208367797,NORTH POLE LIONS FOUNDATION,50000,0,0
710699939,HEIFER INTERNATIONAL FOUNDATION,6,,20100
630833692,BIRMINGHAM JEWISH FOUNDATION INC,309,1189547,1270515
256058560,PITTSBURGH HISTORY & LANDMARKS FOUNDATION,24,68325,112875
650208290,CORAL GABLES COMMUNITY FOUNDATION INC,12,15140,152511
264322369,ACT FOR ALEXANDRIA,74,2387692,1461429
455091854,THE ADVISE US FOUNDATION,15,13111,18250
581605736,SCORE INTERNATIONAL INC,2,422132,637410
911854545,NORTHWEST HEALTH FOUNDATION,0,0,0
133028060,OPEN SPACE INSTITUTE LAND TRUST INC,2,10500,
341846432,THE BARBERTON COMMUNITY FOUNDATION,7,4175,800
320087353,CHILDREN'S HOSPITAL OF MICHIGAN FOUNDATION,3,112075,189400
352038531,OHIO COUNTY COMMUNITY FOUNDATION INC,6,3348,8476
363500853,WINONA COMMUNITY FOUNDATION,53,578616,547203
751709180,COMMUNITY FOUNDATION OF WEST TEXAS,67,2188707,778989
10391479,Maine Community Foundation Inc,380,29483634,21005464
363348160,CHICAGO FOUNDATION FOR WOMEN,11,73101,77500
812576201,THE INDEPENDENT CHARITABLE GIFT FUND,49,6367861,67174
203879466,ROCHELLE AREA COMMUNITY FOUNDATION,6,643504,850
430899770,MISSOURI UNITED METHODIST FOUNDATION INC,3,35000,54280
311197385,COMMUNITY FOUNDATIONS INC,18,1505328,2341479
381360530,ST VINCENT CATHOLIC CHARITIES,1,0,580
351960379,BROWN COUNTY COMMUNITY FOUNDATION INC,21,1273905,9900
316044264,THE COLUMBUS FOUNDATION,1155,78627557,144909116
222714023,AMERICAN BAPTIST FOUNDATION,9,11209,286150
300086426,MERCY AND UNITY HOSPITALS FOUNDATION,5,2917,52289
260269131,THE CURE STARTS NOW,1,,543334
341904353,COMMUNITY FOUNDATION OF THE MAHONING VALLEY,44,497235,941975
300210866,NORTHERN MICHIGAN CATHOLIC FOUNDATION,1,100000,
161512085,THE COMMUNITY FOUNDATION FOR SOUTH CENTRAL NEW YORK INC,36,771487,413772
830400149,THE CATHOLIC COMMUNITY FOUNDATION OF SANTA CLARA COUNTY,63,4178057,797945
822958346,NATIONAL CHARITABLE ENDOWMENT INC,6,14447801,144750
311753320,PRISON FELLOWSHIP MINISTRIES FOUNDATION,3,0,0
383569922,NEPHCURE KIDNEY INTERNATIONAL,1,,
610445838,BINGHAM CHILD GUIDANCE CLINIC INC,,302390,302390
223525184,MONTCLAIR EARLY CHILDHOOD CORP MONTCLAIR COMMUNITY PRE-K,1,18705,0
392034571,THE OSHKOSH AREA COMMUNITY FOUNDATION CORPORATION,161,1880140,1444737
426549922,HEARTLAND CHARITABLE TRUST,74,2096821,1189701
351520591,EVANSVILLE PARKS FOUNDATION,39,6687,
470458128,LINCOLN COMMUNITY FOUNDATION INC,440,8493197,7069432
942891517,SACRAMENTO REGION COMMUNITY FOUNDATION,278,3677655,6271375
421244071,INDIANOLA ATHLETIC BOOSTER CLUB INC,6,2252,0
650350357,THE MIAMI FOUNDATION INC,272,16727685,21052486
541649268,JOHN RANDOLPH FOUNDATION INC,2,99133,
366008100,DAVID C COOK,1,0,37000
237359721,MARIETTA COMMUNITY FOUNDATION,,,
205652970,COBB COMMUNITY FOUNDATION INC,57,1828471,1007818
510191736,PROVIDENCE COLLEGE ALUMNI ASSOCIATION NEW HAVEN CHAPTER,1,0,0
237372791,YELLOW SPRINGS COMMUNITY FOUNDATION,6,22883,37371
510157964,COMMUNITY FIRST FOUNDATION,68,692892,610909
850251319,New Mexico Ground Water Association,,,
911007459,GREATER TACOMA COMMUNITY FOUNDATION,84,4921718,1765610
911733104,COLUMBIA BASIN FOUNDATION,4,34000,30371
680560974,BREMERTON SCHOOLS AND ALUMNI FOUNDATION,2,10600,
416011702,MAYO CLINIC,4,1575000,35000
161562220,JEWISH CENTER AND FEDERATION OF THE TWIN TIERS INC,1,200,500
42911227,ASSOCIATION FOR ACADEMIC PSYCHIATRY LTD C/O LISA HEDRICK,,,
570793960,CENTRAL CAROLINA COMMUNITY FOUNDATION,231,23175657,21182659
541682189,RESTON RAIDERS HOCKEY CLUB INC,2,6434,7790
411888902,REGIONS HOSPITAL FOUNDATION,14,210000,72000
222712160,THE VERMONT COMMUNITY FOUNDATION,282,14402702,8458496
270418124,THE STERLING DONOR ADVISED FUND C/O STERLING FOUNDATION MANAGEMENT LLC,31,2919495,12821926
208164151,MOBILE GIVING FOUNDATION INC,2,2077702,2077702
233015130,The American College Foundation,1,117931,
200194557,THE DUBLIN FOUNDATION,4,75683,32000
133421446,THE RESOURCE FOUNDATION INC,7,1158500,1423217
204780760,CATHOLIC FINANCIAL LIFE FOUNDATION INC,5,338670,37731
581557995,COMMUNITY FOUNDATION FOR NORTHEAST GEORGIA,211,6362968,8127239
911036971,SOCIAL JUSTICE FUND NORTHWEST,10,3927680,892834
206390272,Laguna Beach Community Foundation,0,0,0
473574130,IMPACT INVESTING CHARITABLE FOUNDATION INC,184,23718794,19272752
473609541,ELEOS CAPITAL INC,1,138323,33000
341358701,THE ARTS COMMISSION OF GREATER TOLEDO I,,819924,847320
10430261,MAINE WOMEN'S FUND,2,10268,5500
556024430,THE GREATER KANAWHA VALLEY FOUNDATION,99,557994,3118590
752890371,THE DALLAS FOUNDATION,310,20283445,24963134
20222163,New Hampshire Catholic Charities,1,,
710582373,SOUTH ARKANSAS COMMUNITY COLLEGE FOUNDATION INC,,,
911250104,BLUE MOUNTAIN COMMUNITY FOUNDATION,28,185536,243794
237252609,MS FOUNDATION FOR WOMEN INC,7,271643,304000
631074254,Limestone Area Community Foundation Inc,6,2500,4000
752048261,TEXAS WOMEN'S FOUNDATION,48,1522030,926236
592391119,Palm Healthcare Foundation Inc,7,119375,322577
161599356,JEWISH COMMUNITY FOUNDATION OF CENTRAL NEW YORK INC,137,1844176,1278285
411744184,CATHOLIC COMMUNITY FOUNDATION OF MINNESOTA,285,12906900,10884944
364402089,COMMUNITY FOUNDATION OF NORTHERN IL,73,80160,300598
341375936,FAMILY AND CHILD ABUSE PREVENTION CENTER,1,444230,-2774
411744184,CATHOLIC COMMUNITY FOUNDATION OF MINNESOTA,272,16186828,8766663
860250582,GREATER GREEN VALLEY COMMUNITY FDN INC,6,25840,0
376016936,TAZEWELL COUNTY RESOURCE CENTERS INC,,,
416052144,ARROWHEAD ECONOMIC OPPORTUNITY AGENCY INCORPORATED,2,0,0
450404011,GRAND FORKS FOUNDATION FOR EDUCATION INC,1,0,0
341873212,THE GREATER ALLIANCE FOUNDATION INC C/O DOUG SCHWARZ,15,181531,466920
660177776,INTER AMERICAN UNIVERSITY OF PUERTO RICO,6,0,0
160743096,GIRL SCOUTS OF WESTERN NEW YORK INC,,,
376005963,Springfield Art Association of Edwards Place,3,310584,666988
640845750,COMMUNITY FOUNDATION FOR MISSISSIPPI,63,1012722,1182364
226064597,SOMERSET COUNTY 4-H ASSOCIATION,8,15525,6000
626077703,JEWISH FEDERATION OF NASHVILLE & MIDDLE TENNESSEE,574,762635,1552113
363454285,SOUTHERN MINNESOTA INITIATIVE FOUNDATION,10,1173615,51125
232657933,UNITED WAY OF THE GREATER LEHIGH VALLEY,2,,1310
226028959,UNITED WAY OF BERGEN COUNTY,1,4846607,4637266
237298290,MUSIC CENTER FOUNDATION,13,64397,449068
203096562,WOMEN'S FUND FOR THE FOX VALLEY REGION INC,34,60954,62798
352014369,SCOTT COUNTY COMMUNITY FOUNDATION INC,29,30475,36915
383021071,BRANCH COUNTY COMMUNITY FOUNDATION,13,7450,28500
840970315,THE JEFFERSON FOUNDATION,20,824809,772491
570889451,JACKSON PREPARATORY SCHOOL FOUNDATION,,,
530242652,NATURE CONSERVANCY,31,1274972,1998284
311384772,COLUMBUS JEWISH FOUNDATION,694,7361409,5846475
591059214,SAINT EDWARD'S SCHOOL INC,,,
510345619,PRESERVATION DELAWARE INC,3,0,0
880098500,JEWISH FEDERATION OF LAS VEGAS SIGESMUND CENTER,,,
860806832,XAVIER FOUNDATION INC,,,
841087689,Bethesda Ministries,3,0,6108
850425147,THE TAOS COMMUNITY FOUNDATION INC,49,447593,404044
590683258,UNITED WAY OF PALM BEACH COUNTY INC,2,45645,70180
582054582,IN TOUCH FOUNDATION INC,4,,13884
273594856,MAKE AN IMPACT FOUNDATION,5,30769,13000
232732238,BBC FOUNDATION INC,2,,
136104086,PEF ISRAEL ENDOWMENT FUNDS INC,64,13823200,16078080
521762747,FACIOSCAPULOHUMERAL SOCIETY,1,500000,1000000
314423899,UNITED WAY OF DELAWARE COUNTY,55,52295,46458
990078306,HAWAII PREPARATORY ACADEMY,,,
526024192,ASSOCIATED JEWISH CHARITIES OF BALTIMORE,375,25919000,21355000
237444497,ARAB COMMUNITY CENTER FOR ECONOMIC AND SOCIAL SERVICES,101,1076861,812060
616053466,BLUE GRASS COMMUNITY FOUNDATION INC,270,8093788,4735856
202772132,ADVANCING THE GOSPEL IN ANGOLA INC,1,0,100000
520584118,THE MARYLAND SCHOOL FOR THE BLIND,4,10029,537
351827813,COMMUNITY FOUNDATION OF SOUTHERN INDIANA INC,49,108100,224908
561380796,TRIANGLE COMMUNITY FOUNDATION INC,477,33299833,22353988
476022615,Back to the Bible Foundation,20,503066,453798
263577879,Vipassana Community Foundation,2,311643,50000
591052433,GULF COAST COMMUNITY FOUNDATION INC,389,42097018,31083202
362800788,Community Treatment Inc,1,681198,
237397882,JEWISH COMMUNITY FOUNDATION OF GREATER LONG BEACH & WEST ORANGE COUNTY,69,726538,481136
450526209,HIGH PLAINS HERITAGE FOUNDATION,9,,
263421174,COMMUNITY FOUNDATION TRUST C/O RAY CARAWAY,,,
43266789,FOUNDATION FOR METROWEST INC,48,309965,406921
510140462,CAPE COD FOUNDATION INC,76,1080235,1755465
231433899,THE ACADEMY OF THE NEW CHURCH,1,,90000
841612422,GLOBAL GREENGRANTS FUND,7,4200299,3279828
840404231,COLORADO SEMINARY,1,0,584790
161372532,CHILD AND FAMILY SERVICES FOUNDATION,,,
160367980,BUFFALO SEMINARY,,,
150532239,St Lawrence University,1,0,0
510064315,JEWISH FEDERATION OF DELAWARE INC,52,849983,653793
263416476,PHIL HARDBERGER PARK CONSERVANCY FKA VOELCKER PARK CONSERVANCY,,,
316027287,THE DAYTON FOUNDATION,174,5832493,8153641
16011501,University of Maine Foundation,9,26433,240279
411855173,CENTRACARE HEALTH FOUNDATION,24,9300,69978
831905906,PHILANTHROPIC IMPACT FUND,,,
880362053,THE PARASOL TAHOE COMMUNITY FOUNDATION INC,67,39970107,3198700
550742377,EASTERN WEST VIRGINIA COMMUNITY FOUNDATION,50,634178,417661
386057160,BERRIEN COMMUNITY FOUNDATION INC,123,1891169,2576975
752045832,COMMUNITY FOUNDATION OF ABILENE,129,5106797,3750397
942985552,ENLOE HEALTH FOUNDATION,2,459660,27000
455085493,WISEHEART FOUNDATION INC,29,3102688,2219737
591945109,JEWISH FEDERATION OF SOUTH PALM BEACH COUNTY INC,184,1676900,2080649
232303925,PENNSYLVANIA BAR FOUNDATION,7,7875,22900
480673284,GOODWILL INDUSTRIES OF KANSAS INC,2,,
351986569,HARRISON COUNTY COMMUNITY FOUNDATION INC,2,100,2600
596155092,HOBE SOUND COMMUNITY CHEST INC,1,,1000
42171191,INTER-CHURCH COUNCIL OF GREATER NEW BEDFORDINC,1,,
562121992,WACCAMAW COMMUNITY FOUNDATION,65,1331726,1806518
510080692,THE PILOT SCHOOL INCORPORATED,,,
66036461,COMMUNITY FOUNDATION OF GREATER NEW BRITAIN,38,266914,122409
481215574,GREATER MANHATTAN COMMUNITY FOUNDATION,136,3903653,1902704
341961329,HOLMES COUNTY COMMUNITY FOUNDATION C/O GARRETT ROACH TRUSTEE,1,0,0
270439529,GOLDSTEIN FOUNDATION,2,0,185000
581960821,GEORGIA COMMUNITY FOUNDATION INC,11,734225,788226
246013117,FIRST COMMUNITY FOUNDATION PARTNERSHIP OF PENNSYLVANIA,27,632910,95331
352000788,PORTER COUNTY COMMUNITY FOUNDATION INC,64,1035099,2304863
953645825,JEWISH COMMUNITY FOUNDATION OF ORANGE COUNTY,296,14451868,10268650
300748315,BNY MELLON CHARITABLE GIFT FUND C/O BNY MELLON NA,503,91780055,28670586
66038074,CONNECTICUT COMMUNITY FOUNDATION INC,76,644827,590127
311634474,Latin Arts Association of Fort Worth,0,0,0
474252695,COMMUNITY FOUNDATION OF GREATER ROME INC,16,429975,200406
113369608,HOMECOMING COMING HOME TO LONG ISLAND INC,,,
233015130,The American College Foundation,1,115569,0
710236863,SHARE FOUNDATION,2,20025,
660537553,RYDER ASSISTED CARE INC,0,0,0
352087649,COMMUNITY FOUNDATION OF SWITZERLAND COUNTY INC,13,25798,10610
660537554,RYDER VILLAGE INC,0,0,0
341322781,COMMUNITY FOUNDATION OF LORAIN COUNTY,74,315338,1167199
381613280,BARBARA ANN KARMANOS CANCER INSTITUTE,2,-5084,100000
510181191,LIBERTY HILL FOUNDATION,66,5747631,4981188
391572034,NATURAL RESOURCES FOUNDATION OF WISCONSININC,14,56790,8411
201260545,JEWISH COMMUNITY FOUNDATION INC,169,2753728,1622497
731634145,SAN ANGELO AREA FOUNDATION,45,3772793,2438524
930946020,SKY LAKES MEDICAL CENTER FOUNDATION,9,92315,94389
472581417,NORTHWEST NORTH DAKOTA COMMUNITY FOUNDATION INC,1,0,25075
630695166,THE COMMUNITY FOUNDATION OF SOUTH ALABAMA,125,1213439,1465237
456012318,Dakota Medical Foundation,45,768527,373044
237034152,GRAND TETON MUSIC FESTIVAL INC,1,,
231379512,DUNWOODY VILLAGE,6,-328804,170104
455334205,National Academy of Elder Law Attorneys Foundation Inc,1,100663,
352019497,THE PORTLAND FOUNDATION INC,6,30000,20150
742610167,PTA TEXAS CONGRESS 580 ANDERSON HIGH SCHOOL PTSA,0,65000,315188
391577472,COMMUNITY FOUNDATION OF NORTH CENTRAL WI,126,2884835,1755493
481241974,THOMAS COUNTY COMMUNITY FOUNDATION INC,17,10469,18700
351870979,DECATUR COUNTY COMMUNITY FOUNDATION INC,12,38485,75287
237109897,WISCONSIN INSTITUTE OF CERTIFIED PUBLIC ACCOUNTANTS' EDUCATION FOUNDATION INC,2,54000,12000
460427565,MILBANK COMMUNITY FOUNDATION,14,355897,253058
650648968,COMMUNITY FOUNDATION OF THE FLORIDA KEYS,37,104634,239176
821517696,AMALGAMATED CHARITABLE FOUNDATION INC,4,2010989,1308343
274126970,Youthprise,1,15000,0
251761379,CENTRAL PENNSYLVANIA COMMUNITY FOUNDATION,166,649707,874555
912155208,BAINBRIDGE COMMUNITY FOUNDATION,40,2034796,881538
916013536,SEATTLE FOUNDATION,582,89235885,85243789
473373953,WATERLOO COMMUNITY FOUNDATION,3,28270,
156016932,THE COMMUNITY FOUNDATION OF HERKIMER AND ONEIDA COUNTIES INC,119,11215597,3219481
911751020,WILLIAM C & JANE B MARCIL FAMILY FOUNDATION,1,0,200000
200874857,LANCASTER COUNTY COMMUNITY FOUNDATION,44,11072828,2913156
542035996,HAMPTON ROADS COMMUNITY FOUNDATION,139,10824098,8074791
481117413,Community Foundation of Southwest Kansas,11,252561,0
591743773,MCDOWELL TECHNICAL COMMUNITY COLLEGE FOUNDATION INC,,,
742215035,VAIL VALLEY FOUNDATION,22,696006,606000
150626910,CENTRAL NEW YORK COMMUNITY FOUNDATION INC,341,9224141,5898964
943188703,COMMUNITY FOUNDATION OF SNOHOMISH COUNTY,43,1556206,1384812
931293344,NORTHWEST HEALTH FOUNDATION FUND II,8,661043,1927000
386087967,ANN ARBOR AREA COMMUNITY FOUNDATION,122,1010604,2845175
860250582,GREATER GREEN VALLEY COMMUNITY FDN INC,8,452500,
943201522,ASIAN PACIFIC FUND,16,668934,502821
840404235,MILE HIGH UNITED WAY INC,1,95611,6000
416052144,ARROWHEAD ECONOMIC OPPORTUNITY AGENCY INCORPORATED,2,0,0
364200821,PEORIA PUBLIC SCHOOLS FOUNDATION,,,
346515788,THE YOUNGSTOWN FOUNDATION PNC BANK NA,34,2701331,469240
680463586,AGC CONSTRUCTION EDUCATION FOUNDATION,1,0,0
132522784,ROBERT F KENNEDY CENTER FOR JUSTICE AND HUMAN RIGHTS,,,
251782197,CENTRE COUNTY COMMUNITY FOUNDATION INC,47,-287999,256163
26005625,New Hampshire Charitable Foundation,555,49924185,25488079
590738429,Junior Chamber International (JCI) Inc,5,47590,133286
201492898,BOYS AND GIRLS CLUB OF NORTHEASTERN PENNSYLVANIA FOUNDATION,1,0,0
20702439,MINNESOTA REAL ESTATE FOUNDATION,1,,
954124436,THE FULLER FOUNDATION,41,6916607,15126332
316038277,HAMILTON COMMUNITY FOUNDATION,94,1311998,1395232
411952989,COURAGE KENNY FOUNDATION,2,0,43611
840890204,ROCKY MOUNTAIN LIONS EYE BANK,1,,
391819945,COMMUNITY FOUNDATION OF DUNN COUNTY INC,9,182973,36725
946069890,SIERRA CLUB FOUNDATION,9,18064,51566
411761590,GRAND RAPIDS AREA COMMUNITY FOUNDATION,43,286372,210093
60970466,NEW CANAAN COMMUNITY FOUNDATION INC,39,511029,452800
376046127,DANVILLE AREA COMMUNITY COLLEGE FOUNDATION,2,,1500
473681860,HOPEWELL FUND,1,0,33773774
411635761,Women's Foundation of Minnesota,62,336055,823794
202430301,OREGON FFA FOUNDATION INC,8,118443,109158
391891064,EAU CLAIRE COMMUNITY FOUNDATION,62,957095,559890
943121390,THE COMMUNITY FOUNDATION OF SOUTH PUGET SOUND,34,5761452,279524
351815060,GREENE COUNTY FOUNDATION INC,3,15419,9724
141505623,THE COMMUNITY FOUNDATION FOR THE GREATER CAPITAL REGION INC,169,4791131,11981276
200385860,COLUMBUS MEDICAL ASSOCIATION FOUNDATION UNLIMITED,13,21706,18961
46012492,CAMBRIDGE COMMUNITY FOUNDATION,29,1535134,481479
133392711,FRIENDS OF ISRAEL DISABLED VETERANS INC,2687391,1500049,1437934
561942969,CAPITAL COMMUNITY FOUNDATION INC,127,3102725,939237
911196271,Lake Chelan Health and Wellness Foundation,10,17775,19458
351406033,WAYNE COUNTY INDIANA FOUNDATION INC,40,467094,345457
351883377,WASHINGTON COUNTY COMMUNITY FOUNDATION INC,1,1805,2100
250965466,THE PITTSBURGH FOUNDATION,1070,52316558,22020056
341713261,THE FINDLAY-HANCOCK COUNTY COMMUNITY FOUNDATION,40,729811,770317
362606232,CHRISTIAN MINISTRIES FOUNDATION INC,14,51708,271032
43519422,MEDICAL MISSIONS FOR CHILDREN INC,,,
560668555,UNITED WAY OF GREATER GREENSBORO INC,1,,33200
202351623,BARREN COUNTY EDUCATIONAL FOUNDATION INC,1,20050,0
311751001,GREENE COUNTY COMMUNITY FOUNDATION,323,6661328,2785742
850295444,ALBUQUERQUE COMMUNITY FOUNDATION,100,7158871,2265665
311620483,FOUNDATION FOR APPALACHIAN OHIO,47,381286,528430
237062425,HOMENETMEN C/O MRS SIROON DERDERIAN,,1850000,
411893463,CATHOLIC UNITED FINANCIAL FOUNDATION,256,4151473,2010591
237284004,TOLEDO COMMUNITY FOUNDATION INC,271,11962753,9007415
261215705,SOUTHEAST COASTAL OCEAN OBSERVING REGIONAL ASSOCIATION,,,
752267767,COMMUNITY FOUNDATION OF NORTH TEXAS INC,205,45672440,15827321
742997477,FAYETTE COMMUNITY FOUNDATION,1,0,0
470596705,OREGON TRAIL COMMUNITY FOUNDATION INC,5,33000,219081
455342842,NEW BRAUNFELS AREA COMMUNITY FOUNDATION,31,2198893,347093
316027662,FIRST COMMUNITY FOUNDATION,9,469114,179648
522395867,JUNEAU COMMUNITY FOUNDATION,31,729754,256226
954257997,ASIAN PACIFIC COMMUNITY FUND OF SOUTHERN CALIFORNIA,53,1409873,1246991
136082763,RUDOLF STEINER FOUNDATION INC,169,22941432,17545359
510198509,TIDES FOUNDATION,274,335511014,239193576
60699252,HARTFORD FOUNDATION FOR PUBLIC GIVING,192,8932491,10361121
251380549,Community Foundation of Warren County,36,151371,320968
730579243,JEWISH FEDERATION OF TULSA,15,150828,662955
530220853,AMERICAN INSTITUTE OF BIOLOGICAL SCIENCES INC,1,15000,3095
822596941,HARBOR FUND INC,1,499648,0
386095283,THE COMMUNITY FOUNDATION OF THE HOLLAND/ZEELAND AREA INC,156,11972284,2798490
846048381,THE DENVER FOUNDATION,643,42572000,54013000
640507167,MISSISSIPPI METHODIST FOUNDATION INC,14,39341,322090
311724122,FIRST TEE NEW YORK INC,4,340888,255375
270029283,RAY OF HOPE CANCER FOUNDATION,1,,
411424522,THE DORSEY & WHITNEY FOUNDATION,1,1450000,1450000
208430070,THE INDUS ENTREPRENEURS,1,174760,
311417074,OHIO DENTAL ASSOCIATION FOUNDATION,6,1900,34500
481025832,GREATER NORTHWEST KANSAS COMMUNITY FOUNDATION,11,46119,4075
480614685,KANSAS CITY REGIONAL ASSOCIATION OF REALTORS,1,38702,17550
814107324,CATHOLIC FOUNDATION OF MICHIGAN,22,1157764,800719
471180598,IMPACT CHARITABLE,19,202570,88250
300171971,THE PARK CITY FOUNDATION,52,1476280,880130
391563654,BLACK RIVER FALLS AREA FOUNDATION,73,397291,235224
720471369,UNITED WAY OF SOUTHEAST LOUISIANA,6,9275,358450
571011248,FIRST PRESBYTERIAN CHURCH FOUNDATION,4,188848,71972
943331010,JustGive Inc,1,4748181,9852992
237026859,COMMUNITY FOUNDATIONS OF THE HUDSON VALLEY INC,138,26596746,23751994
390867186,JEWISH FEDERATION OF MADISON INC,6,57359,31446
470700795,OMAHA COMMUNITY PLAYHOUSE FOUNDATION,1,,
521703547,YOUNG VICTORIAN THEATRE COMPANY,4,,
954302067,COMMUNITY PARTNERS,1,5000,3100
274734125,OUR FUND INC,50,4909872,686202
352034336,FRANKLIN COUNTY COMMUNITY FOUNDATION INC,4,94859,44268
720443103,NEW ORLEANS SPEECH AND HEARING CENTER,2,,
541959458,COMMUNITY FOUNDATION OF WESTERN VIRGINIA,112,1117275,1007491
392024542,COMMUNITY FOUNDATION OF CHIPPEWA COUNTY,29,139253,40829
237102632,CHILDREN'S INSTITUTE INC,11,44136,8064
43414988,EMERALD NECKLACE CONSERVANCY INC,,,
952673361,ACLU FOUNDATION OF SOUTHERN CALIFORNIA,,,
141403652,CITY MISSION OF SCHENECTADY City Mission of Schenectady,1,962285,50000
590668483,FLORIDA MEMORIAL UNIVERSITY INC,98,160329,0
582381589,COMMUNITY FOUNDATION OF THE CHATTAHOOCHEE VALLEY INC,215,15637569,9713089
232502873,RESIDENTIAL RESOURCES INC,,,
650104704,BOCA MUSEUM FOUNDATION INC,,,
640503063,PIKE SCHOOL CORPORATION INC A/K/A PARKLANE ACADEMY,1,0,0
223160873,STAYWELL HEALTH CARE INC,26878,,
870619181,UTAH FOSTER CARE FOUNDATION INC,1,0,
841449305,SOUTHERN COLORADO COMMUNITY FOUNDATION,48,579063,85059
582008930,THE CATHOLIC FOUNDATION OF NORTH GEORGIA,14,4795850,632533
610444680,METRO UNITED WAY INC,1,3335425,0
133204330,BUFFALO RENAISSANCE FOUNDATION INC,3,28100,59932
363245072,THE ROTARY FOUNDATION OF ROTARY INTERNATIONAL,334,15897755,12034424
510191738,MIDLANDS COMMUNITY FOUNDATION,21,383821,215858
311748533,SIOUX FALLS AREA COMMUNITY FOUNDATION INC,430,20271772,13281351
223238028,HABITAT FOR HUMANITY OF BERGEN CTY INC,3,415474,165667
911572414,SKAGIT COMMUNITY FOUNDATION,13,305606,221868
710239576,John Brown University,2,,16131
262449481,GIVE BACK FOUNDATION,124342,87223329,71959360
390972350,UNIVERSITY OF WISCONSIN - EAU CLAIRE FOUNDATION INC,3,230000,0
10831698,JEWISHCOLORADO,126,4721262,4249163
60699252,HARTFORD FOUNDATION FOR PUBLIC GIVING,192,8932491,10361121
860146520,PLANNED PARENTHOOD ARIZONA INC,1,0,0
10589927,MINOT COMMUNITY FOUNDATION,52,146965,153773
133581286,PARK AVENUE CHARITABLE FUND,32,1618984,1340850
421088936,CEDAR FALLS COMMUNITY FOUNDATION INC,1,3250,15000
132617681,UNITED WAY OF NEW YORK CITY,0,0,917
953297459,LONG BEACH CITY COLLEGE FOUNDATION,221,110727,93486
270208297,WOODROW WILSON HIGH SCHOOL COMMUNITY FOUNDATION INC,,,
770612679,The Catholic Foundation of Maine,4,950,19300
42103944,BROOKLINE COMMUNITY FOUNDATION INC,1,69300,83000
341884695,JEWISH COMMUNITY BOARD OF AKRON,55,732055,656512
840699243,COMMUNITY FOUNDATION OF NORTHERN COLORADO,210,5044322,4213627
770496500,THE COMMUNITY FOUNDATION SAN LUIS OBISPO COUNTY,90,1020911,2919690
201123519,JEWISH FEDERATION OF OMAHA FOUNDATION,245,7983891,4986486
451501690,CATHOLIC FOUNDATION OF SOUTH LOUISIANA,2,70147,
383246131,BARRY COMMUNITY FOUNDATION,16,142529,392850
240796877,SUNBURY AREA COMMUNITY FOUNDATION,6,8557,6000
411878924,NORTHWESTERN FOUNDATION,11,108950,115150
731556664,LEGACYTREE FOUNDATION,3,169914,
471489275,SHADE,,,
592561967,Sunnyside Foundation Inc,1,41906,41906
410518750,MITCHELL HAMLINE SCHOOL OF LAW,4,,
370810222,Illinois Bar Foundation,2,,
591099774,UNITED WAY OF VOLUSIA-FLAGLER COUNTIES INC,7,50000,45500
311044298,DAYTON FOUNDATION DEPOSITORY,,,
943226023,CALIFORNIA DISTRICT ATTORNEY'S ASSOCIATION FOUNDATION,,,
953367525,SOUTH COAST CHINESE CULTURAL ASSOCIATION,1,,
237181875,Community Foundation for Palm Beach and,,,
942847212,PETALUMA EDUCATIONAL FOUNDATION,1,,36000
133573852,HISPANIC FEDERATION INC,2,2910697,624021
541653165,TIDEWATER JEWISH FOUNDATION INC,136,16537459,5728442
310997017,THE COMMUNITY FOUNDATION OF LOUISVILLE INC,315,17614356,22091504
205272922,PREGNANCY CHOICES LIFECARE CENTER INC,,,
277059768,NPT CHARITABLE ASSET TRUST,4,0,804809
510172429,UNITED JEWISH APPEAL-FEDERATION OF JEWISH PHILANTHROPIES OF NEW YORK INC,,,
752295008,PERMIAN BASIN AREA FOUNDATION,68,4747261,2391720
350869051,FORT WAYNE JEWISH FEDERATION INC DBA JEWISH FEDERATION OF FORT WAYNE INC,6,23604,19350
133219917,EDUCATIONAL FOUNDATION OF ORANGE COUNTY COMMUNITY COLLEGE INC,1,,106955
351830262,COMMUNITY FOUNDATION ALLIANCE INC,108,622700,771854
581021791,JEWISH FEDERATION OF GREATER ATLANTA INC,433,187352164,18651034
631154984,Walker Area Community Foundation Inc,19,43305825,1385618
731396320,COMMUNITIES FOUNDATION OF OKLAHOMA,47,2125326,5875389
237825575,NATIONAL PHILANTHROPIC TRUST,6770,2743761038,994564442
310247014,CROWN POINT COMMUNITY FOUNDATION INC,58,98190,82941
812483755,Kaupo Community Association Inc,1,0,35000
460224588,AUGUSTANA COLLEGE ASSOCIATION,2,320000,95000
61080097,THE COMMUNITY FOUNDATION OF EASTERN CONNECTICUT INC,98,2943997,3969674
951922279,World Vision Inc,103,7566114,11237205
880362053,THE PARASOL TAHOE COMMUNITY FOUNDATION INC,67,4058291,3198700
113618879,THE OJC FUND,953,47276783,44496868
200253310,Pasadena Community Foundation,185,6709434,3424645
231968136,FRIENDS FIDUCIARY CORPORATION,7,1350807,182000
412010078,THE AMERICAN CENTER FOR PHILANTHROPY INC,207,2170677,3415536
43401997,GREATER LOWELL COMMUNITY FOUNDATIONINC,68,450967,431653
820425063,IDAHO COMMUNITY FOUNDATION INC,242,7416554,4517122
135604164,AGUDATH ISRAEL OF AMERICA INC,3,50349,587099
911680527,ORCAS ISLAND COMMUNITY FOUNDATION,44,547321,701735
561842095,CAROLINAS CREDIT UNION FOUNDATION,30,978340,682900
161468127,GREATER OLEAN COMMUNITY FOUNDATION DBA CATTARAUGUS REGION COMMUNITY FOUNDATION,4,538574,21154
742804940,GOLDEN BELT COMMUNITY FOUNDATION,33,127000,262646
520591603,GENERAL GERMAN AGED PEOPLES HOME OF BALTIMORE,2,81203,
480697195,KANSAS AREA UNITED METHODIST FOUNDATION INC,13,238257,277164
371390271,SOUTHEASTERN ILLINOIS COMMUNITY FOUNDATION,22,203742,282633
202454729,COMMUNITIES OF COASTAL GEORGIA FOUNDATION INC,59,3393003,2469809
660548321,RYDER ASSISTED CARE II INC,0,0,0
660461792,EGIDA RYDER INC,0,0,0
364465219,The Community Foundation for McHenry County,17,1043190,1215799
910564748,SEATTLE CHILDREN'S HOSPITAL,,,
270978059,LAKESHORE COMMUNITY FOUNDATION INC,14,4997931,1220651
131919791,THE NEW WORLD FOUNDATION,10,31384001,2070532
311480939,CHILLICOTHEROSS COMMUNITY FOUNDATION INC,38,4193954,133001
351837729,HANCOCK COUNTY COMMUNITY FOUNDATION INC,13,59507,57594
841039305,The Women's Foundation of Colorado Inc,34,297497,275500
311682365,ENDEAVOR FOUNDATION,,11197,1649260
953709639,RANCHO SANTA FE FOUNDATION,142,11561661,5725667
150564081,ONEIDA COUNTY HISTORICAL SOCIETY INC,,,
391145116,UNIVERSITY OF WISCONSIN - LA CROSSE FOUNDATION INC,,,
460423172,RAPID CITY PUBLIC SCHOOL FOUNDATION,1,15000,18500
561380249,COMMUNITY FOUNDATION OF GREATER GREENSBORO INC,281,9569376,15639436
456010377,FARGO-MOORHEAD AREA FOUNDATION CORPORATION,99,2150401,1087898
631209631,THE COMMUNITY FOUNDATION OF GREATER BIRMINGHAM,262,15338932,14576655
251290469,BLOOMFIELD-GARFIELD CORPORATION,,,
341702076,BLACK SWAMP BIRD OBSERVATORY,1,0,0
631225003,COMMUNITY FOUNDATION OF WEST ALABAMA,46,1449565,666908
204832237,THE SAKYONG FOUNDATION,4,20330,55200
61567364,WEST HAVEN ROTARY CLUB FOUNDATION INC C/O JOHN F ONOFRIO,,,
236805376,THE EAGLES MERE FOUNDATION,6,1275,100
362423707,Compassion International Incorporated,,,
931084330,Palau Foundation for World Evangelism,10,283243,263808
237288807,FRIENDS OF THE SIMSBURY PUBLIC LIBRARY,2,0,0
263016384,Mt Lebanon Community Foundation,10,128703,6980
363453471,WEST CENTRAL INITIATIVE,13,299598,568688
237108776,GRAND HAVEN AREA COMMUNITY FOUNDATION INC,200,2413820,2403862
452899583,WORD OF LIFE FOUNDATION INC Attn Roger W Sachleben,18,14548441,10316593
237069988,RENTON REGIONAL COMMUNITY FOUNDATION,30,347800,310276
201475524,Southern New England Consortium of Partnership 2000 Incorporated,,,
351934464,OWEN COUNTY COMMUNITY FOUNDATION,6,10170,2637
161318395,HERITAGE CHRISTIAN SERVICES FOUNDATION INC,10,66588,151238
381360585,UNITED JEWISH FOUNDATION,608,12962340,24982776
522109597,THE AMERICAN FUND FOR CHARITIES C/O GMA FOUNDATIONS,4,463,1223221
262437362,I-CARE FUND AMERICA INC,1,2734527,2470636
540907624,OPPORTUNITY INTERNATIONAL INC D/B/A OPPORTUNITY INTERNATIONAL-US,5,40000,40000
232765498,THE LUZERNE FOUNDATION,100,16463293,17129515
382415081,BRONSON HEALTH FOUNDATION,11,47642,18293
232890364,SCRANTON AREA FOUNDATION INC,57,1223701,564036
156020989,NORTHERN NEW YORK COMMUNITY FOUNDATION,140,1989554,1265980
850303044,SANTA FE COMMUNITY FOUNDATION,137,5851707,4354354
561330792,COMMUNITY FOUNDATION OF HENDERSON COUNTY INC,136,1424636,1479945
311175045,TIPTON COUNTY FOUNDATION INC,21,22778,1750
812936073,AMERICAN MUSLIM FUND,50,657439,464383
320196064,THE COMMUNITY FOUNDATION FOR CARVER COUNTY,1,7130,
611043635,FEEDING AMERICA KENTUCKY'S HEARTLAND INC,42500,,
953544877,PROVIDENCE HEALTH & SERVICES FOUNDATION SAN FERNANDO & SANTA CLARITA VALLEYS SA,,,
42104268,DOUGLAS A THOM CLINIC INC,2,0,8747
341935499,HUDSON COMMUNITY FOUNDATION,70,1403423,2874426
341747398,AMERICAN ENDOWMENT FOUNDATION,6988,1076612424,344654502
260024403,ATM INDUSTRY ASSOCIATION,2,,
460398115,SOUTH DAKOTA COMMUNITY FOUNDATION,108,1884967,1229189
310679012,COLUMBUS MEDICAL ASSOCIATION FOUNDATION,9,28446,1000
481175198,RICE COUNTY COMMUNITY FOUNDATION INC,5,53624,203041
651259308,COMERICA CHARITABLE TRUST,95,13329685,8803608
262048480,IMPACTASSETSINC,1184,203212104,144884761
521714111,THE KOREA SOCIETY INC,2,,
720503930,UNITED WAY OF NORTHWEST LOUISIANA,5,225185,191121
10702102,UNIVEST FOUNDATION,69,669506,1134955
474844275,THE DONORS FUND,957,15094742,12272551
43397617,Friends of the Community Growing Center Inc,322358,,
463894713,THE LONGMONT COMMUNITY FOUNDATION,137,1055353,795267
351757753,NATIONAL GYMNASTICS FOUNDATION INC,2,56743,7500
942995085,NORTHBAY HEALTHCARE FOUNDATION,14,15750,39345
222743917,COMMUNITY FOUNDATION FOR GREATER BUFFALO INC,237,16210903,9975784
481076910,HUTCHINSON COMMUNITY FOUNDATION,81,1838060,2185023
541506312,CHARLOTTESVILLE AREA COMMUNITY FOUNDATION,241,23523841,17563293
133843389,MAJOR LEAGUE BASEBALL PLAYERS TRUST,7,,12830
391772651,INCOURAGE COMMUNITY FOUNDATION INC,47,92433,119013
421526614,COMMUNITY FOUNDATION OF GREATER DUBUQUE,179,3730508,4169320
943396165,RSF GLOBAL COMMUNITY FUND INC,0,0,0
510163180,WEST VIRGINIA SCHOOL OF OSTEOPATHIC MEDICINE FOUNDATION INCORPORATED,1,0,0
720408921,THE GREATER NEW ORLEANS FOUNDATION,451,25075992,13630063
841637102,THE VALLEY COMMUNITY FOUNDATION INC,71,234663,321762
880370179,COMMUNITY FOUNDATION OF WESTERN NEVADA,107,5883345,5607997
341908579,CATHOLIC COMMUNITY FOUNDATION,25,1165677,373125
631270745,THE BLACK BELT COMMUNITY FOUNDATION,2,,14599
204654550,EASTERN CAROLINA COMMUNITY FOUNDATION,50,614398,347958
752675978,NATIONAL BOY SCOUTS OF AMERICA FOUNDATION,18,883182,1766620
43243004,PROTEUS FUND INC,11,7578948,7947936
521986675,FOUNDATION FOR THE NATIONAL INSTITUTES OF HEALTH INC,2,2500,3100
942808039,COMMUNITY FOUNDATION SANTA CRUZ COUNTY,133,8525441,9049705
956068137,COMMUNITY FOUNDATION OF THE VERDUGOS,42,332658,196532
43367888,THE GIVING BACK FUND INC,9,150287,255102
527082731,MORGAN STANLEY GLOBAL IMPACT FUNDING TRUST INC,7276,683308229,352252503
391834961,GRANT REGIONAL HEALTH CENTER FOUNDATION INC,1,0,0
742206098,ST DAVID'S COMMUNITY HEALTH FOUNDATION HOLDINGS,1,560,0
231581832,THE PHILADELPHIA FOUNDATION,393,42999882,16363783
274734125,OUR FUND INC,59,1906087,1271327
411555592,SOUTHWEST INITIATIVE FOUNDATION,25,658286,188439
650833500,MANATEE COMMUNITY FOUNDATION INC,138,2881194,1811637
650173371,THE COMMUNITY FOUNDATION TRUST OF SARASOTA COUNTY,2,,384213
363978733,THE DUPAGE COMMUNITY FOUNDATION,117,5867736,5558890
541623966,RICHMOND JEWISH FOUNDATION,83,898599,1244612
391869271,THE WILLIAM J AND BARBARA A SCHMIDT FAMILY FOUNDATION INC,4,428357,296225
411409203,EDEN PRAIRIE COMMUNITY FOUNDATION,6,140951,65132
111661352,BUCKLEY COUNTRY DAY SCHOOL,9,32737,
381951024,UNITED WAY OF WASHTENAW COUNTY,3,1139708,1138500
310908698,COMMUNITY FOUNDATION FOR THE OHIO VALLEY INC,79,881981,499611
561695787,HIGH POINT COMMUNITY FOUNDATION,107,7124423,8384616
720435080,ST MARGARET'S DAUGHTERS HOME,,,
251449252,KAPPA DELTA RHO FOUNDATION,1,,
311640316,SCHWAB CHARITABLE FUND,47651,3349182315,1869792228
411306304,PACER CENTER INC,1,,
750851900,ABILENE CHRISTIAN UNIVERSITY,12,115000,322255
560668555,UNITED WAY OF GREATER GREENSBORO INC,1,,45550
860975231,TECHNICAL ASSISTANCE PARTNERSHIP OF ARIZONA,1,0,3800
311500805,UNION COUNTY COMMUNITY FOUNDATION INC,,,
311167624,DELAWARE COUNTY CULTURAL ARTS CENTER,5,,
593725701,UNITED WAY SUNCOAST INC,0,,
382971898,CANTERBURY HEALTH CARE INC,0,0,0
753023740,THE TRISKELES FOUNDATION,126,1529074,1227140
621744695,SECOND PRESBYTERIAN CHURCH FOUNDATION INC,20,2236923,-1192411
630308398,COMMUNITY FOUNDATION OF NORTHEAST AL,24,628053,288532
522403462,Large Unit District Association,1,1050,-150
60646691,JEWISH COMMUNITIES OF WESTERN CONNECTICUT INC,7,22312,13060
421508117,COMMUNITY FOUNDATION OF JOHNSON COUNTY,100,1817376,1700057
237252609,MS FOUNDATION FOR WOMEN INC,7,282705,244000
251292553,BRIDGE BUILDERS COMMUNITY FOUNDATIONS FKA VENANGO AREA COMM FOUNDATION,12,158015,109797
582010071,FAYETTEVILLE PUBLIC EDUCATION FOUNDATION INC,,,
941312348,UNITED WAY OF THE BAY AREA,27,1108927,1083361
510138674,JEWISH FEDERATION OF GREATER MANCHESTER DBA JEWISH FEDERATION OF NEW HAMPSHIRE,1,,
46050221,BRAINTREE HISTORICAL SOCIETY INC,,,
396044637,WISCONSIN MASONIC FOUNDATION,40,132000,171073
410693887,THE UNITED JEWISH FUND AND COUNCIL JEWISH FEDERATION OF GREATER ST PAUL,30,403870,548443
10564355,THE FOUNDATION FOR ENHANCING COMMUNITIES,136,1769349,1886214
680349777,COMMUNITY FOUNDATION OF THE NAPA VALLEY,53,2814641,1738777
640918136,RTS Foundation Inc,4,39000,92787
311565086,WARREN COUNTY FOUNDATION,13,2282654,529900
593001853,COMMUNITY FOUNDATION OF TAMPA BAY INC,345,15004424,9870440
330907092,THE SAN DIEGO WOMEN'S FOUNDATION,2,320481,190000
520591538,ASSOCIATED CATHOLIC CHARITIES INC,3,2000000,130000
526055229,NATIONAL SCIENCE TEACHERS ASSOCIATION,1,0,32303
520741814,The Foundation of the Federal Bar Association,1,67000,67000
943192688,KAZAN MCCLAIN PARTNERS' FOUNDATION,9,210096,423400
396074258,MIELKE FAMILY FOUNDATION INC,17,7000,23893
590967823,UNITED JEWISH COMMUNITY OF BROWARD COUNTY INC,86,6168964,3526670
311145986,OHIO STATE UNIVERSITY FOUNDATION,0,0,0
743169773,ST FRANCIS COMMUNITY SERVICES,1,,
237100537,MASSASOIT COMMUNITY COLLEGE FOUNDATION INC,1,0,0
60655480,AVON OLD FARMS SCHOOL INC,1,20939,52248
952942582,THE SAN DIEGO FOUNDATION,717,82190117,53756535
391548450,COMMUNITY FOUNDATION FOR THE FOX VALLEY REGION INC,446,113355217,10232196
541929483,THE UNITED WAY OF SOUTH HAMPTON ROADS FOUNDATION,9,23450,20573
953645825,JEWISH COMMUNITY FOUNDATION OF ORANGE COUNTY,296,14451868,10268650
411555592,SOUTHWEST INITIATIVE FOUNDATION,22,1439338,192456
231686634,LEHIGH VALLEY COMMUNITY FOUNDATION,79,9333730,2231022
611337087,KENTUCKY EQUINE MANAGEMENT INTERNSHIP PROGRAM INC,,,
161115992,SUBURBAN ADULT SERVICES INC,,,
362167761,Jewish Federation of Metropolitan Chicago,970,38982000,44208000
450348296,UND Alumni Association and Foundation,1,59085,0
593496645,STEWART-MARCHMAN-ACT FOUNDATION INC,1,37692,28295
593079371,THE FLAGLER AUDITORIUM GOVERNING BOARD INC,1,,
582389721,THE ATLANTA WOMEN'S FOUNDATION INC,1,0,0
236002304,CORPORATION OF HAVERFORD COLLEGE,1,0,125000
231660797,PHILADELPHIA BAR FOUNDATION,3,1100,18574
541071370,PHYSICIAN ASSISTANT FOUNDATION OF THE AMERICAN ACADEMY OF PHYSICIAN ASSISTANTS,22,40378,15000
590948696,JEWISH FEDERATION OF PALM BEACH COUNTY INC,100,4284710,2702907
463309222,ROMAN CATHOLIC FOUNDATION OF EASTERN MISSOURI,18,2378577,282055
820527986,IDAHO WOMEN'S CHARITABLE FOUNDATION INC,206,384300,361300
956105984,MEMORIAL MEDICAL CENTER FOUNDATION,6,60000,0
570351398,SPARTANBURG COUNTY FOUNDATION,173,9443684,2794387
481035296,CLAY COUNTY HOSPITAL FOUNDATION,2,0,
752354560,EXCHANGE CLUB OF LAKE HIGHLANDS INC,3,0,18000
61433299,MAIN STREET COMMUNITY FOUNDATION INC,29,466189,1005940
520595110,JOHNS HOPKINS UNIVERSITY,2,253100,25000
951230865,THE UNIVERSITY FOUNDATION CALIFORNIA STATE UNIVERSITY CHICO,5,11789,5797
680416404,TAHOE TRUCKEE COMMUNITY FOUNDATION,95,480198,573316
237073022,NATIONAL HEADACHE FOUNDATION,1,0,
860198599,MESA UNITED WAY INC,2,0,0
546053821,SIGMA PHI EPSILON EDUCATIONAL FOUNDATION,1,,
770273721,LOS ALTOS COMMUNITY FOUNDATION,34,1885296,1726820
411745553,EDUCARE FOUNDATION INC,1,,
570426335,CLEMSON UNIVERSITY FOUNDATION,1,,
562199252,The First Tee of Spartanburg Inc,3,,9600
222805163,UNITED JEWISH FEDERATION OF NORTHEASTERN NEW YORK INC,42,318233,325823
741109662,JEWISH FEDERATION OF SAN ANTONIO,37,127260,83347
810387934,WHITEFISH CHRISTIAN ACADEMY,,,
541920746,THE COMMUNITY FOUNDATION OF HARRISONBURG & ROCKINGHAM COUNTY,92,12778986,2756927
463469821,CREATIVE AGENTS OF CHANGE FOUNDATION INC,3,225606,87102
237093399,THE GOOD SHEPHERD FUND,,,
42104021,Boston Foundation Inc,679,149534543,95908143
271111667,THE CONFECTIONERY FOUNDATION,1,0,1000
344428259,JEWISH FEDERATION OF GREATER TOLEDO,60,349185,467136
237451680,BANNER COMMUNICATIONS INC,2,261910,224680
951816009,LOMA LINDA UNIVERSITY,10,1197245,300351
742341399,THE SUMMIT FOUNDATION,59,678709,1522136
233102612,PENNSYLVANIA AUTOMOTIVE ASSOCIATION FOUNDATION,77,3823270,2931279
752836123,DALLAS JEWISH COMMUNITY FOUNDATION,406,19718182,14182724
571042419,JEWISH ENDOWMENT FOUNDATION OF GREATER CHARLESTON,15,27087,188924
361000540,KATHERINE SHAW BETHEA HOSPITAL,1,31800,0
861151358,COMMUNITY FOUNDATION OF MERCED COUNTY,8,18000,21000
912049302,Three Rivers Community Foundation,11,90651,62065
42271714,CAPE AND ISLANDS UNITED WAY INC,3,141515,
510175056,WHITFIELD HEALTHCARE FOUNDATION INC,10,143667,40797
363451562,INITIATIVE FOUNDATION,22,796515,330462
352070789,WARREN COUNTY COMMUNITY FOUNDATION INC,13,18694,71270
481184667,WESTERN KANSAS COMMUNITY FOUNDATION,31,904846,590227
522038242,NATIONAL CATHOLIC COMMUNITY FOUNDATION,71,9650391,1757723
936022916,BENTON COMMUNITY FOUNDATION,13,100785,30000
810533002,WHITEFISH COMMUNITY FOUNDATION INC,34,6664394,1917316
231352588,UNITED WAY OF YORK COUNTY,1,0,63552
481169158,THE EMPORIA COMMUNITY FOUNDATION,23,355156,320859
311040215,ATHENS FOUNDATION INC,4,67277,143537
521655463,THE FERC DAYCARE CENTER,2,23545,20241
203577455,DOUGLAS COUNTY COMMUNITY FOUNDATION,2,49291,3885
264530730,CEDAR STREET CHARITABLE FOUNDATION INC,98,12867105,6880699
362167000,THE CHICAGO COMMUNITY TRUST,1128,458141059,308928856
941353727,REDWOOD CITY # 1991 BPO ELKS,,,
460416693,Mobridge Regional Healthcare Foundation,1,,
530220900,RESOURCES FOR THE FUTURE INC,4,,11000
42104363,JEWISH FEDERATION OF CENTRAL MASSACHUSETTS INC,25,20654,149798
42774790,PERMANENT ENDOWMENT FUND FOR MARTHA'S VINEYARD,1,0,46802
710255776,ENDEAVOR FOUNDATION CHARITABLE SUPPORT,,,11622538
510198869,CENTRAL COAST STATE PARKS ASSOCIATION,1,65700,67700
352125727,CASS COUNTY COMMUNITY FOUNDATION INC,32,147068,83046
510137132,THE GUILFORD FOUNDATION INC,31,136891,54705
582362123,SOUTH CAROLINA CHRISTIAN FOUNDATION,118,4417206,3320041
363788167,DEKALB COUNTY COMMUNITY FOUNDATION,39,160289,78998
161206169,THE WILLIAMSVILLE ROTARY FOUNDATIONINC,2,0,3500
630842355,CENTRAL ALABAMA COMMUNITY FOUNDATION INC,80,,4229426
201411118,Treasure Cay Community Foundation Inc,6,102760,31800
411717098,AMERICAN BRAIN FOUNDATION,2,0,82708
850311210,NEW MEXICO COMMUNITY FOUNDATION,37,593614,928676
351847297,COMMUNITY FOUNDATION OF MADISON AND JEFFERSON COUNTY INC,42,300642,154650
202031283,CLEARFIELD COUNTY CHARITABLE FOUNDATION,10,107805,39128
351797437,JOHNSON COUNTY COMMUNITY FOUNDATION INC,34,346771,198951
481156704,SOUTH CENTRAL COMMUNITY FOUNDATION,35,49025,79820
660413230,PUERTO RICO COMMUNITY FOUNDATION INC,34,816951,362508
541927558,GREATER WILLIAMSBURG COMMUNITY TRUST,37,292449,375990
911607005,Grays Harbor Community Foundation,,,
756042162,FIRST METHODIST CHURCH OF FORT WORTH FOUNDATION INC,1,,
910682177,UNITED WAY OF BENTON & FRANKLIN COUNTIES LoAnn Ayers,37,466506,554100
131776448,Episcopal Church Foundation,22,369050,158406
382180730,MICHIGAN GATEWAY COMMUNITY FOUNDATION,15,114835,102103
582184345,THE COMMUNITY FOUNDATION FOR THE CENTRAL SAVANNAH RIVER AREA INC,252,11768137,7055061
611600398,THE SCHENECTADY FOUNDATION INC,1,50000,45500
204286919,BILLINGS COMMUNITY FOUNDATION,6,89295,18100
161015782,UNITED WAY OF GREATER ROCHESTER INC,136,2159153,3183597
237191806,MONDAK HERITAGE CENTER,,,
351922885,JENNINGS COUNTY COMMUNITY FOUNDATION INC,40,34102,1575
411429402,DULUTH-SUPERIOR AREA COMMUNITY FOUNDATION,32,360253,338104
810287507,UNITED WAY OF YELLOWSTONE COUNTY,182,19538,
43407816,ESSEX COUNTY COMMUNITY FOUNDATION INC,115,10210910,3969884
341589810,ALLIANCE HIGH SCHOOL FOUNDATION OF ALLIANCE OHIO,22,31032,29950
510178194,NATIONAL BOWLING HALL OF FAME AND MUSEUM INC,4,253269,0
412014273,INDIAN LAND TENURE FOUNDATION,21,352407,358159
621471789,THE COMMUNITY FOUNDATION OF MIDDLE TENNESSEE INC,747,33951275,41067533
650163209,Jaycees International Foundation Inc,2,5076,4491
161535724,ADIRONDACK FOUNDATION,76,1771881,1516625
616035002,CENTRAL KENTUCKY COMMUNITY FOUNDATION INC,28,670417,5566323
351835950,RUSH COUNTY COMMUNITY FOUNDATION INC,1,7200,11493
561758077,EBLEN CHARITIES INC,,,
470769903,NEBRASKA COMMUNITY FOUNDATION,51,18183176,6185648
521703994,ADOPTIONS TOGETHER INC,,,72496
363569968,HASTINGS COMMUNITY FOUNDATION INC,40,1221445,533049
340714588,THE CLEVELAND FOUNDATION,611,25119747,27859530
930817536,OREGON LAW FOUNDATION,1,49123,44640
236299868,YORK COUNTY COMMUNITY FOUNDATION,88,898583,1228259
830296341,ROTARY CLUB OF JACKSON HOLE FOUNDATION,,,
421255106,SCOTT COMMUNITY COLLEGE FOUNDATION,113,525647,167336
43521743,THE HEALTH FOUNDATION FUND INC,1,0,0
311777036,PICKAWAY COUNTY COMMUNITY FOUNDATION INC,,,
363323233,Aberdeen Area Community Foundation Inc,1,0,0
460730451,CARR CARES FOUNDATION INC,1,,6547
391699966,GREATER GREEN BAY COMMUNITY FOUNDATION INC,257,5404171,6856258
742914982,MIDWAY ISD EDUCATION FOUNDATION INC,,,
942607722,NEW ISRAEL FUND,12,781055,816339
546438623,THE DONOR ADVISED FUND OF THE VBF,70,3122441,711151
581344646,THE COMMUNITY FOUNDATION FOR GREATER ATLANTA INC,723,151063936,101701204
200520386,Impact Foundation,3,132844,2280
311631453,CALIFORNIA RANGELAND TRUST,,,
311742955,NORTHERN PIEDMONT COMMUNITY FOUNDATION,43,1256894,404806
416017740,ROCHESTER AREA FOUNDATION,173,3774507,2577391
630987401,RUSSELL HOSPITAL FOUNDATION INC,1,2020,10000
364589633,EMPLOYEES CHARITY ORGANIZATION,2756,1729988,1799261
465606080,GREAT 100 NURSES FOUNDATION,1,0,0
720638456,JEWISH ENDOWMENT FOUNDATION,412,3714387,5693831
201161578,SAGAMORE INSTITUTE INC,3,1134178,
237009135,THE COMMUNITY FOUNDATION INC,486,15769882,22004341
237084946,Canton Jewish Community Federation,18,7473,53619
362384321,AMERICAN BAR ENDOWMENT,23,93500,156619
841213723,AMERICAN MOUNTAIN GUIDES ASSOCIATION INC,3,,5950
310537488,JEWISH FEDERATION OF GREATER DAYTON INC,46,359145,2098128
770070742,FUND FOR SANTA BARBARA INC,1,40000,33600
261750083,LOUIS D BRANDEIS LAW SOCIETY FOUNDATION C/O JAY E KIVITZ,5,11264,
911022358,THE MEMORIAL FOUNDATION,1,10000,30633
841260437,AMG CHARITABLE GIFT FOUNDATION,180,14610915,12642713
520937644,THE COMMUNITY FOUNDATION OF HOWARD COUNTY INC,187,9318022,765995
411777966,NORTH MEMORIAL FOUNDATION,3,1840,5893
42105918,NATICK VISITING NURSE ASSOC INC,1,,
261877961,EAU CLAIRE PUBLIC SCHOOLS FOUNDATION INC,2,0,3731
426053860,THE GREATER CEDAR RAPIDS COMMUNITY FOUNDATION,231,4601828,3723437
592219301,SunSystem Development Corporation,5,175436,50000
431896922,HEARTLAND CREDIT UNION CHARITABLE FOUNDATION INC,,,
391279567,HUDSON HOSPITAL FOUNDATION INC,20,52976,207713
66032106,THE COMMUNITY FOUNDATION FOR GREATER NEW HAVEN,316,4154418,3811694
910785826,MUSEUM OF FLIGHT FOUNDATION,,,
741934031,AUSTIN COMMUNITY FOUNDATION INC,486,23555381,16129265
113422729,BROOKLYN COMMUNITY FOUNDATION,64,14533770,3183218
911508191,Alliance for Education,0,0,0
746065414,SAN ANTONIO AREA FOUNDATION,190,26971664,23986862
263212021,CAUSECAST FOUNDATION,16,3374565,2623037
161575921,TOMPKINS CHARITABLE GIFT FUND INC,64,1547724,1199467
426122716,QUAD CITIES COMMUNITY FOUNDATION,462,2617262,3125009
473441083,THE MARSHFIELD AREA COMMUNITY FOUNDATION INC,38,356017,119974
264245043,EDWARD CHARLES FOUNDATION,2,500000,0
264245043,EDWARD CHARLES FOUNDATION,1,2000000,2000000
680354961,SOLANO COMMUNITY FOUNDATION,27,20625,199935
954116679,SOCIAL & ENVIRONMENTAL ENTREPRENEURS,3,100000,2095075
521427774,ASSOCIATED BLACK CHARITIES INC,,,
943373670,GIVE2ASIA,80,3924345,3406506
133810997,INTERNATIONAL SOCIETY OF AESTHETIC PLASTIC SURGERY,1,,
351033735,Boys & Girls Club of Elkhart County Inc,1,0,0
943136771,PHILANTHROPIC VENTURES FOUNDATION,46,6484548,5037029
205502851,COMMUNITY FOUNDATION OF THE KLAMATH BASI,14,127317,35830
570908490,GULF COAST COMMUNITY FOUNDATION INC,19,85974,506489
223106737,ROCHESTER AREA COMMUNITY FOUNDATION DEPOSITORY INC,228,3557817,3233506
237250641,ROCHESTER AREA COMMUNITY FOUNDATION,394,5655729,18906873
411707738,WINONA AREA PUBLIC SCHOOLS FOUNDATION INC,,,
363412544,COMMUNITYGIVING,322,12301119,10183058
561192344,CALDWELL ARTS COUNCIL INC,1,1600,931
582010071,FAYETTEVILLE PUBLIC EDUCATION FOUNDATION INC,,,
562398236,THE 506 FOUNDATION INC,110,57685,37284
521703547,YOUNG VICTORIAN THEATRE COMPANY,4,,
350868181,Taylor University,3,555182,273000
591956886,THE COMMUNITY FOUNDATION OF SARASOTA CO INC,400,19667056,7722704
910570872,TACOMA COMMUNITY HOUSE,1,,
546112680,GREATER LYNCHBURG COMMUNITY FOUNDATION,57,123765,174005
237079002,WINONA STATE UNIVERSITY FOUNDATION,,,
223525184,MONTCLAIR EARLY CHILDHOOD CORP MONTCLAIR COMMUNITY PRE-K,1,21386,7500
61551843,COMMUNITY FOUNDATION OF ORANGE COUNTY INC,42,968863,168441
363978733,THE DUPAGE COMMUNITY FOUNDATION,112,4300592,3731510
650833500,MANATEE COMMUNITY FOUNDATION INC,123,192202,3077351
610445838,BINGHAM CHILD GUIDANCE CLINIC INC,,174612,174612
411817315,ST CROIX VALLEY FOUNDATION,151,1350739,778979
592396243,COMMUNITY FOUNDATION OF COLLIER COUNTY INC,198,12684020,8581362
237079002,WINONA STATE UNIVERSITY FOUNDATION,,,
316038277,HAMILTON COMMUNITY FOUNDATION,93,1018804,1884648
311742955,NORTHERN PIEDMONT COMMUNITY FOUNDATION,40,776833,449225
363258728,Bible League Foundation,0,3674,72179
204654550,EASTERN CAROLINA COMMUNITY FOUNDATION,49,385388,273460
161599356,JEWISH COMMUNITY FOUNDATION OF CENTRAL NEW YORK INC,147,1197934,1066625
340868798,WALSH UNIVERSITY INC,1,0,0
237231048,INTERNATIONAL GAME FISH ASSOCIATION WORLD FISHING CENTER,,,
810519514,BOZEMAN AREA COMMUNITY FOUNDATION,8,140797,133475
232047297,BREAD AND ROSES COMMUNITY FUND,13,133880,10417
860348306,ARIZONA COMMUNITY FOUNDATION,560,36023861,32079621
131624158,THE ROCKEFELLER UNIVERSITY,112,3370758,
256085617,THE ARTS COUNCIL OF ERIE D/B/A ERIE ARTS & CULTURE,,,
530239013,LEAGUE OF WOMEN VOTERS EDUCATION FUND,,,
161467675,FINGER LAKES AREA COMMUNITY ENDOWMENT,,,
943205217,KITSAP COMMUNITY FOUNDATION,148,1011809,836608
931019725,OREGON JEWISH COMMUNITY FOUNDATION,234,5780288,10958920
481215503,GREATER SALINA COMMUNITY FOUNDATION,110,2207827,7149261
391711388,COMMUNITY FOUNDATION OF SOUTHERN WISCONSIN INC,68,2237569,794807
521488711,THE COMMUNITY FOUNDATION OF FREDERICK COUNTY MARYLAND INC,145,1280690,819543
430714167,UNITED WAY OF GREATER ST LOUIS INC,3,10000,1317000
366008100,DAVID C COOK,1,0,43000
271272384,MARINE REACH MINISTRIES CALIFORNIA INC,,,
841128761,MONTROSE COMMUNITY FOUNDATION,6,66676,70949
931332421,QUAD CITIES GOLF CLASSIC CHARITABLE FOUNDATION,2,12928693,12928790
351811149,COMMUNITY FOUNDATION OF BLOOMINGTON AND MONROE COUNTY INC,48,248169,215318
396073041,HARMONY FOUNDATION INTERNATIONAL INC,1,,
841562332,FRIENDS OF PEAK TO PEAK INC,1,1000,0
237290968,COMMUNITY FOUNDATION OF THE OZARKS INC,342,17747632,6268201
820444885,IDACORP EMPLOYEE COMMUNITY SERVICES FUND INC,1,323777,331245
201729243,INDIAN RIVER COMMUNITY FOUNDATION INC,119,14358143,8149794
363354458,WEST RIVER FOUNDATION,1,,500
860098932,UNITED WAY OF TUCSON AND SOUTHERN ARIZONA INC,44,390645,633525
233070457,MONTGOMERY COUNTY FOUNDATION INC,10,11970,40493
356047122,William Taylor Foundation,2,,2000
160868942,JEWISH COMMUNITY FEDERATION OF GREATER ROCHESTER NY INC,89,1503240,3007147
590974739,THE UNIVERSITY OF FLORIDA FOUNDATION INC,1,0,5368
203521388,UNITED WAY OF MARTIN COUNTY FOUNDATION INC,1,401984,534500
952504044,JEWISH COMMUNITY FOUNDATION OF SAN DIEGO,788,120656964,-81398944
541492775,FOUNDATION FOR MANAGEMENT EDUCATION IN CENTRAL AMERICA,41,1587427,1587427
383056434,GRAND TRAVERSE REGIONAL COMMUNITY FOUNDATION,52,1501800,844490
202249722,LOUISIANA BUSINESS INCUBATION ASSOCIATIO,,186549,
200118947,NEW YORK STATE TRIBUTE FOUNDATION INC,,,
586035103,CHI PHI EDUCATIONAL TRUST,98,409909,339373
630842355,Central Alabama Community Fdn Inc,78,5079042,2967704
521273585,GLOBAL IMPACT,4,2887560,2887580
510188377,RACINE COMMUNITY FOUNDATION INC,92,2488148,1713781
261186431,FRIENDS OF UTOKYO INC,1,231927,251727
860926685,TEMPLE CHAI ENDOWMENT FOUNDATION,11,21176,1248
430822397,THE CIVIC COUNCIL OF GREATER KANSAS CITY,1,0,0
810450150,MONTANA COMMUNITY FOUNDATION INC,108,6737304,1782790
510515757,BINGHAM OSBORN & SCARBOROUGH FOUNDATION,43,2018459,2521002
431831635,Covenant Theological Seminary Foundation,2,0,0
382164580,WOMEN'S RESOURCE CENTER GRAND TRAVERSE AREA,1,1000,0
10679337,THE SAN FRANCISCO FOUNDATION,521,114520459,121985332
371397503,MORTON COMMUNITY FOUNDATION,9,496313,59350
382741723,MANISTEE COUNTY COMMUNITY FOUNDATION,18,179200,40633
450273403,University of Mary,,,
311255886,COMMUNITY FOUNDATION OF ELKHART COUNTY INC,120,22416591,15469638
941156528,JEWISH FAMILY AND CHILDREN'S SERVICES,38,1015812,641082
550419865,OHIO VALLEY UNIVERSITY INC,1,,
841208720,CCAI (Chinese Children Adoption International),0,0,0
260008332,THE COMMUNITY FOUNDATION OF THE NORTHERN SHENANDOAH VALLEY,31,287694,79650
311330325,DAYTON FOUNDATION CHARITABLE ACCOUNTS INC,,,
201195592,JEWISH FEDERATION OF NORTHERN NEW JERSEY INC,114,1382789,1139190
237176723,COMMUNITY FOUNDATION OF EAST CENTRAL ILLINOIS,17,164860,155612
946070996,EAST BAY COMMUNITY FOUNDATION,308,104467917,48930221
582008178,The Davidson County Education Foundation Inc,1,0,4000
470813703,NEBRASKA CULTURAL ENDOWMENT,1,,51751
941156533,JEWISH COMMUNITY FEDERATION OF SAN FRANCISCO THE PENINSULA MARIN & SONOMA,893,81948903,61973117
860292099,SAFARI CLUB INTERNATIONAL FOUNDATION,1,50000,0
541900143,UNITED JEWISH COMMUNITY OF THE VIRGINIA PENINSULA ENDOWMENT INC,38,1013092,558357
610444765,JEWISH COMMUNITY OF LOUISVILLE INC,183,110720,160131
460997164,MUSIC HEALTH ALLIANCE INC,2,98835,24117
272463839,LIFEQUEST WORLD FUND INC PEAK TRUST DONOR ADVISED FUND INC,4,76750,0
421364293,WATERLOO COMMUNITY SCHOOLS FOUNDATION,1,5000,1000
340714445,JEWISH FEDERATION OF CLEVELAND,811,69731721,68263675
911720259,NORTHWEST ULTIMATE ASSOCIATION,9,196569,200406
391866090,APPLETON EDUCATION FOUNDATION INC,4,41416,2781
311425735,CAMPUS PARTNERS FOR COMMUNITY URBAN REDEVELOPMENT,,,
541602838,ARLINGTON COMMUNITY FOUNDATION,72,984826,937853
980592591,The Philanthropy Workshop Inc,,,
590624404,GREATER MIAMI JEWISH FEDERATION INC Oksana Cardini CFO,245,32636415,18199580
710992446,KIVA MICROFUNDS,34,1761553,304374
264245043,EDWARD CHARLES FOUNDATION,1,2000000,2000000
866052343,NATIONAL KIDNEY FOUNDATION OF ARIZONA,,,
204215109,EAST SIDE COMMUNITY LEARNING CENTER FOUNDATION,,,
946098382,THE JEWISH COMMUNITY FOUNDATION,610,6271943,6882223
650667299,FLORIDA CHAPTER OF THE INTERNATIONAL SOCIETY OF ARBORICULTURE INC,,,
730773715,CATHOLIC FOUNDATION OF OKLAHOMA INC,6,30000,99323
200192255,RED LODGE AREA COMMUNITY FOUNDATION,4,9400,13540
454678325,BRADLEY IMPACT FUND INC,66,10734234,6241934
341001130,SALEM COMMUNITY FOUNDATION INC,96,243138,392220
134316755,COMMUNITY FOUNDATION FOR NANTUCKET INC,37,1796093,2505787
161565374,SUBURBAN ADULT SERVICES FOUNDATION INC,,,
841592286,TRIPLE BOTTOM LINE FOUNDATION,,,
860897810,CANCER SUPPORT COMMUNITY-ARIZONA,,,
860146520,PLANNED PARENTHOOD ARIZONA INC,1,0,0
680480736,Network for Good,1,487972057,487872170
420761080,UNITED WAY OF MUSCATINE IOWA,1,39928,39928
770555874,KERN COMMUNITY FOUNDATION,59,1110900,867694
480729691,CENTRAL KANSAS FOUNDATION FOR ALCOHOL AND CHEMICAL DEPENDENCY,,,
591148710,FLORIDA UNITED METHODIST FOUNDATION INC,14,81866,49668
210634963,MONMOUTH COUNCIL INC BOY SCOUTS OF AMERICA,11,219306,
943108791,Vision Health International,1,10750,2346
133065542,FRIENDS OF MOSDOT GOOR,59,3765024,3726536
546052427,GEORGE C MARSHALL RESEARCH FOUNDATION,1,,
410858512,TSE INC,2,2000,2325
582277856,KING BAUDOUIN FOUNDATION US INC,47,5818625,4884464
541950727,COMMUNITY FOUNDATION FOR LOUDOUN AND NORTHERN FAUQUIER COUNTIES,18,684919,153350
660550405,RYDER ASSISTED CARE III INC,0,0,0
943039253,SAN FRANCISCO BAY WILDLIFE SOCIETY,0,0,0
430662495,HANNIBAL REGIONAL HEALTHCARE SYSTEM INC,,,
161553194,CENTER FOR INQUIRY DEVELOPMENT FUND,1,,
311072405,OHIO DISTRICT KIWANIS FOUNDATION INC,26,57981,46530
770165029,VENTURA COUNTY COMMUNITY FOUNDATION,130,1726946,2102434
636052990,CIVITAN INTERNATIONAL,2,25000,0
741587488,UNIVERSITY OF TEXAS FOUNDATION INC,3,27973,70465
311147022,MUSKINGUM COUNTY COMMUNITY FOUNDATION,27,234159,36533
351343903,HERITAGE FUND - THE COMMUNITY FOUNDATION OF BARTHOLOMEW COUNTY INC,39,341438,230737
530196644,ALEXANDER GRAHAM BELL ASSOCIATION FOR THE DEAF AND HARD OF HEARING,1,7930,7400
464356787,BOND COUNTY COMMUNITY FOUNDATION,1,0,430269
841530768,TELLURIDE FOUNDATION,16,1113040,
364696076,St Sophias Forgotten Felines,23500,23500,23500
570647976,ROLLING GREEN VILLAGE,13,5912,799
593412016,U S FAMILY FOUNDATION INC,29,1092255,1387173
341837854,NEW BREMEN FOUNDATION INC,31,455819,95758
650455319,CHARLOTTE COMMUNITY FOUNDATION INC,26,189939,67079
952142678,SOCIETY OF PHOTO OPTICAL INSTRUMENTATION ENGINEER,0,0,0
930691238,ASHLAND COMMUNITY HOSPITAL FOUNDATION,1,,102775
436049281,Jewish Community Foundation of Greater Kansas City,431,10872263,12585188
42297514,NEW ENGLAND AQUARIUM CORPORATION,,,
366111168,ORAL AND MAXILLOFACIAL SURGERY FOUNDATION,1,0,0
541647385,COMMUNITY FOUNDATION OF THE CENTRAL BLUE RIDGE,20,541270,357795
300065901,INTERACT FOR CHANGE,3,2196904,553853
431968320,ELM FAMILY FOUNDATION,1,0,5000
470813266,SOUTHERN VALLEY SCHOLARSHIP FOUNDATION INC C/O KIM LUEKING,17,11564,18164
462845781,CONVOY OF HOPE FOUNDATION,11,309819,269461
411408909,ROSEVILLE AREA COMMUNITY FOUNDATION,,,
221948007,SUMMIT AREA PUBLIC FOUNDATION,22,159873,130905
541086794,PAGE ONE OF PAGE COUNTY INC,5,30179,29385
742236918,GREATER EL PASO CHAMBER OF COMMERCE FOUNDATION,1,28355,
726022365,THE COMMUNITY FOUNDATION OF NORTH LOUISIANA,84,5276979,1964678
204715344,Ledwith Lewis Free Clinic,0,0,0
262437362,I-CARE FUND AMERICA INC,1,2280108,1988816
161433024,THE REHABILITATION FOUNDATION INC,,,
841354894,WESTERN COLORADO COMMUNITY FOUNDATION INC,84,1732448,1137187
133550688,STONEWALL COMMUNITY FOUNDATION,33,394446,415436
550545643,UNITED METHODIST FOUNDATION OF WEST VIRGINIA INC,14,50619,124607
550724623,COMMUNITY FOUNDATION OF THE VIRGINIAS INC,,,
311661966,THE COMMUNITY FOUNDATION OF WEST CHESTER/LIBERTY,70,1701715,740161
351844891,COMMUNITY FOUNDATION OF HOWARD COUNTY,47,1195777,344870
276601178,PLAYERS PHILANTHROPY FUND,,,
814910505,SAN DIEGO SENIORS COMMUNITY FOUNDATION,2,50745,3250
591227747,The Jewish Federation of Sarasota-Manatee Inc,16,592242,382221
742648803,AUSTIN PARKS FOUNDATION,62,369368,192224
311480939,CHILLICOTHEROSS COMMUNITY FOUNDATION INC,38,4193954,133001
363359386,HEADWATERS FOUNDATION FOR JUSTICE,14,1106253,1257729
841682682,JEFFERSON COUNTY COMMUNITY FOUNDATION,11,115016,137572
436023126,ST LOUIS COMMUNITY FOUNDATION,49,3124807,2746673
310669700,THE GREATER CINCINNATI FOUNDATION,978,78152303,63171637
237180620,BALTIMORE COMMUNITY FOUNDATION INC,409,23003433,11288415
431758789,ST LOUIS COMMUNITY FOUNDATION INC,363,35094540,70797297
391126207,OZAUKEE COUNTY HISTORICAL SOCIETY INC,5,11321,
582198010,ST JAMES PLACE OF BATON ROUGE FOUNDATION,1,34979,
942427596,THE NATIONAL JUDICIAL COLLEGE,,,
311140087,CLINTON COUNTY FOUNDATION,36,232744,411197
840616785,PUEBLO CITY-COUNTY LIBRARY DISTRICT,1,9100,9000
382877959,GRAND RAPIDS COMMUNITY FOUNDATION,193,8473896,6424612
411647411,MINNESOTA ASSOCIATION OF RESOURCE CONSERVATION & DEVELOPMENT INC,,,
131580907,NATIONAL ASSOCIATION OF THEATRE OWNERS INC,,,
680003212,COMMUNITY FOUNDATION SONOMA COUNTY,178,11067869,8120471
911306592,NORTHWEST ASSOCIATION OF INDEPENDENT SCHOOLS,1,71750,23917
721493023,Community Foundation of Acadiana,390,14777370,9482278
751494062,STEPHEN F AUSTIN STATE UNIVERSITY FOUNDATION INC,28,315067,242307
611175239,PADUCAH INDEPENDENT SCHOOL DISTRICT PUBLIC SCHOOLS FOUNDATION INC,2,126502,82655
680370006,NORTH BAY ASSOCIATION OF REALTORS,1,0,5000
581493949,NATL CHRISTIAN CHARITABLE FDN INC,20498,1303680087,1351641713
161100837,COMMUNITY FOUNDATION OF ELMIRA-CORNING AND THE FINGER LAKES INC,22,414891,158121
351903148,COMMUNITY FOUNDATION OF RANDOLPH COUNTY INC,1,,2206
340943665,STARK COMMUNITY FOUNDATION,218,2840114,4233230
166023261,THE FOUNDATION FOR JEWISH PHILANTHROPIES INC,304,3363321,9750891
201938332,CAMBRIDGE CHARITABLE FOUNDATION,5,48895,41254
421634891,SAN ANGELO DESK INC,,,
830287513,WYOMING COMMUNITY FOUNDATION,84,6207504,3294768
436064111,YOUTHBRIDGE COMMUNITY FOUNDATION,50,16326495,1767584
341281026,WAYNE COUNTY COMMUNITY FOUNDATION,110,7111887,2546130
251813245,CRAWFORD HERITAGE COMMUNITY FOUNDATION,14,2756436,19706
204119317,THE GEORGE W BUSH FOUNDATION,1,1623910,1259200
351836690,WAYNE TOWNSHIP EDUCATION FOUNDATION INC,15,8635,15000
470844886,NEBR UNITED METHODIST FOUNDATION,8,225334,36400
721472591,GODDESSES INC C/O STACI A ROSENBERG,1,15548,14545
202052288,Achievements Unlimited Foundation,1,50,7500
510193549,TEXHOMA CHRISTIAN CARE CENTER INC,0,1000,1000
205205488,SILICON VALLEY COMMUNITY FOUNDATION,1184,2045175863,1842120762
541671883,ARLINGTON FREE CLINIC INC,,,
260792594,SERVIAM GIRLS ACADEMY INC,6,,85545
510232459,THE COMMUNITY FOUNDATION FOR NORTHERN VIRGINIA INC,160,17549509,4117257
161574338,ROME COMMUNITY FOUNDATION,8,46725,179161
426139033,COMMUNITY FDN OF GREATER DES MOINES F/K/A GREATER DES MOINES COMMUNITY FDN,713,29719660,18046564
743054287,MARIETTA COMMUNITY FOUNDATION INC,80,622112,436508
630288846,UNITED WAY OF CENTRAL ALABAMA INC,,,
60646689,THE JEWISH COMMUNITY FOUNDATION INC,6,,
840920862,Rose Community Foundation,112,2964965,9510523
330748536,The Community Foundation,75,6926084,-7788030
911726410,WHATCOM COMMUNITY FOUNDATION,66,2674271,2677502
951866094,SANTA BARBARA FOUNDATION,239,10922204,21168840
943126848,THE ENERGY FOUNDATION,3,1165789,973626
721508036,COMMUNITY FOUNDATION OF SOUTHWEST LOUISIANA,32,1317791,1495146
311450786,DELAWARE COUNTY FOUNDATION,35,795044,426144
550748246,PARKERSBURG AREA COMMUNITY FOUNDATION INC (PREVIOUSLY PACF INC),71,868553,531352
432043188,GREATER ROUND ROCK COMMUNITY FOUNDATION,21,430347,344365
262552404,YHB CHARITABLE ENDOWMENT INC,34,2664906,1551698
161271663,NORTHERN CHAUTAUQUA COMMUNITY FOUNDATION,15,2980,30545
566047886,FOUNDATION FOR THE CAROLINAS,930,233692816,243668971
340714442,YOUNGSTOWN AREA JEWISH FEDERATION,23,96024,229108
200857330,MARYLAND AGRICULTURAL RESOURCE COUNCIL INC,,,
522168471,KERNERSVILLE FOUNDATION INC,11,124729,715850
310537174,Jewish Federation of Cincinnati,139,5893764,9350735
411955885,CATHOLIC COMMUNITY FOUNDATION C/O JEREMY LILLIG,7,2818390,1495074
942686530,HORIZONS FOUNDATION,151,4057977,4066595
462440594,PLEDGELING FOUNDATION,624,7100538,6830611
472812962,GLOBAL CENTER OF GUR INC,23,863090,451500
571011248,FIRST PRESBYTERIAN CHURCH FOUNDATION,4,40734,44500
311760702,LICKING COUNTY FOUNDATION INC,46,444487,1007503
42104351,JEWISH COMMUNITY CENTER OF THE NORTH SHORE INC,8,17266,8820
812375745,IMPACT INVESTING CHARITABLE TRUST,184,642749,2984262
371440662,LEGACY GLOBAL FOUNDATION INC,200,806530,430995
956150680,HISTORY CENTER OF SAN LUIS OBISPO COUNTY,,,
200697012,YAKIMA VALLEY COMMUNITY FOUNDATION,22,905758,1013419
222281783,COMMUNITY FOUNDATION OF NEW JERSEY,605,84690588,46684581
161467675,FINGER LAKES AREA COMMUNITY ENDOWMENT,,,
200192255,RED LODGE AREA COMMUNITY FOUNDATION,4,14394,14685
550668245,TGKVF INC,67,255034,393884
222540853,FOUNDATION FOR DELAWARE COUNTY,6,213740,86176
363659998,NORTH SOUTH FOUNDATION,2,51427,42500
581661700,NORTH CAROLINA COMMUNITY FOUNDATION,356,12557261,7328412
